Seq 1,TCAGAAGAACAAAAAAAAAA
Seq 2,ACGCATTTGTCGTTCTTCTGATGACCTTGCA
Seq 3,GTACACCTCGCTTTAGTAGTTGTGTCTGCAA
Seq 4,GTACACCTCGCGTTTGAGGTAGCGCTAGCTTGTGTCTGCAA
Seq 5,ACGCATTTGTCGTTCTTCTGACCTATGCGCCATGACCTTGCA
Seq 6,AGAAGAACAAAGACTGCATGCAGTAGGTC
Seq 7,AGAAGAACAAAAACAGCATGATCAGCGATCACTCAGGGTCTCTGGCGCATAGGTC
Seq 8,GTACACCTCGCGTTTTTTGCATAGCATCGACGTACTGTCTGCAA
Seq 9,ACGCATTTGTCGTTCTTCTGACCTATGCGCCAGAGACCCTGATGACCTTGCA
Seq 10,TCAGAAGAACGCGCGCGCGC
Seq 11,GTACACCTCGAGCGCGCGCGCTTGTCTGCAA
Seq 12,TTGCAGACAAGACAAATGCGT
Seq 13,TTGCAGACACGACAAATGCGT
Seq 14,TGCAAGGTCCGCGAGGTGTAC
Seq 15,GCAAAAAAAAAATCTATAAGCGCAGGGT
Seq 16,AGGCTGCGGTGGTACACCTCACTTATAGCGACTAGCTAGCTAGCGGACTGACTATGCAA
Seq 17,ACGCATTTGTCGTTCTTCTTTTTTTTGCCACAGAGACCCTGCTGACCTTGCAATATCTCGCCAG
Seq 18,CTCTGTGGCAAAAAAAAGAAGAACAAAAAAAAAAGC
Seq 19,TGAGGTGTACCACCGCAGCCTCTGGCGAGATATTGCAAGGTC
Seq 20,CAAAAAAAAAACGCTCAGGGTCTCTGAAAAAAAAATC
Seq 21,AGGCTGCGGTGGTACACCTCGCGACAACACACGTGACGTAC
Seq 22,ACGCATTTGTCGTTCTTCTGATTTAGCAGCTCTCAGAGACCCTGATGACCTTGCAATATCTCGCCAG
Seq 23,AGAAGAACAAAAAAAAAAGCGCAGTGC
Seq 24,TACCACCGCAGCCTCTGGCGAGATATTGCAAGGTCCGAGGTG
Seq 25,TTGCAGACACGACAAATGCGT
